id,sample,month,date,site,site_original,habitat,taxon,stage,C%,N%,d13C,d15N,cn_ratio,specnumber,Analysis,comment
1,A4,6,6/9/2014,t4,,bar,lfbeetle,adult,48.6,10.4,-26.82,2.07,5.46,21317,CF141212,
2,A5,6,6/9/2014,t3,,bar,lfbeetle,adult,47.5,10,-27.45,2.82,5.56,21319,CF141212,
3,A7,6,6/9/2014,t1,,bar,lfbeetle,adult,48.3,10.4,-27.98,-1.05,5.39,21321,CF141212,
4,A8,6,6/9/2014,t1,,bar,lfbeetle,adult,47.5,10.3,-27.87,0.33,5.38,21323,CF141212,
5,A9,6,6/9/2014,t2,,bar,lfbeetle,adult,49.3,10.4,-27.77,-0.17,5.55,21325,CF141212,
6,A12,6,6/9/2014,t1,,bar,lfbeetle,larva,49,7.4,-27.94,0.96,7.7,21327,CF141212,
7,A13,6,6/9/2014,t1,,bar,lfbeetle,larva,47.4,7.5,-27.27,0.54,7.35,21329,CF141212,
8,A14,6,6/9/2014,t2,,bar,lfbeetle,larva,47.5,8.2,-25.7,1.6,6.75,21331,CF141212,
9,A16,6,6/9/2014,t3,,bar,lfbeetle,larva,47.4,10,-27.87,3.3,5.55,21333,CF141212,
10,A17,6,6/9/2014,t4,,bar,lfbeetle,larva,43.6,9.6,-25.29,3.02,5.28,21335,CF141212,
11,A19,6,6/10/2014,t1,,rip,moth,adult,48.9,11.4,-26.95,4.49,5.02,21339,CF141212,
12,A20,6,6/10/2014,t2,,rip,moth,adult,52.1,11.9,-29.62,9.41,5.09,21341,CF141212,
13,A21,6,6/10/2014,t2,,rip,moth,adult,52.4,10.7,-32.59,1,5.73,21343,CF141212,
14,A22,6,6/10/2014,t3,,rip,moth,adult,49.3,11.7,-26.98,2.77,4.91,21345,CF141212,
15,A24,6,6/9/2014,t4,,rip,moth,adult,51.8,10.6,-33.61,1.02,5.7,21347,CF141212,
16,A27,6,6/9/2014,t1,,bar,moth,larva,45.1,9.6,-26.87,0.09,5.47,21349,CF141212,
17,A28,6,6/9/2014,t2,,bar,moth,larva,47.2,9.5,-28.01,-0.78,5.8,21351,CF141212,
18,A30,6,6/9/2014,t3,,bar,moth,larva,42,9.5,-27.88,-1.14,5.15,21353,CF141212,
19,A31,6,6/9/2014,t3,,bar,moth,larva,49.3,8.6,-26.92,0.24,6.66,21355,CF141212,
20,A32,6,6/10/2014,t4,,bar,moth,larva,48.3,8.3,-27.36,0.81,6.81,21357,CF141212,
21,A34,6,6/10/2014,t2,,rip,wasp,adult,49.8,10.7,-27.25,3.62,5.45,21361,CF141212,
22,A35,6,6/10/2014,t2,,rip,wasp,adult,46.7,12.2,-29.97,2.32,4.46,21363,CF141212,
23,A36,6,6/10/2014,t3,,rip,wasp,adult,48.8,12.3,-26.43,6.16,4.65,21365,CF141212,
24,A38,6,6/9/2014,t4,,rip,wasp,adult,46.2,12.4,-29.19,2.22,4.36,21367,CF141212,
25,A40,6,6/9/2014,t1,,rip,diptera,adult,47.6,9.9,-25.57,7.2,5.61,21369,CF141212,
26,A39,6,6/9/2014,t4,,rip,wasp,adult,48.9,12.7,-29.96,-2.02,4.49,21371,CF141212,
27,A41,6,6/9/2014,t1,,rip,diptera,adult,49.8,11,-28.4,3.07,5.3,21373,CF141212,
28,A42,6,6/10/2014,t2,,rip,diptera,adult,50.1,11.1,-27.73,2.1,5.25,21375,CF141212,
29,A44,6,6/10/2014,t3,,rip,diptera,adult,45.9,11.6,-25.37,6.03,4.61,21377,CF141212,
30,A46,6,6/9/2014,t4,,rip,diptera,adult,49.6,11.4,-28.19,3.16,5.06,21379,CF141212,
31,A48,6,6/9/2014,t4,,bar,grasshopper,adult,45.9,8.7,-28.03,-0.04,6.18,21383,CF141212,
32,A49,6,6/9/2014,t4,,bar,grasshopper,adult,44.9,9.6,-27.86,2.53,5.45,21385,CF141212,
33,A50,6,6/9/2014,t4,,bar,grasshopper,adult,44.4,11.1,-27.1,NA,4.65,21387,CF141212,
34,A51,6,6/9/2014,t4,,bar,grasshopper,adult,44.7,9.6,-28.18,0.99,5.44,21389,CF141212,
35,A52,6,6/9/2014,t4,,bar,grasshopper,adult,46.8,9.6,-28.24,0.81,5.71,21391,CF141212,
36,A53,6,6/11/2014,t1,,gl,mayfly,larva,42.4,7.5,-19.27,-1.21,6.64,21393,CF141212,matarakagerou
37,A54,6,6/11/2014,t1,,gl,mayfly,larva,49.7,9,-19.47,-2.15,6.43,21395,CF141212,hiratakagerou
38,A55,6,6/11/2014,t2,,rf,mayfly,larva,53.7,7.1,-20.14,-1.84,8.82,21397,CF141212,hiratakagerou
39,A57,6,6/11/2014,t3,,gl,mayfly,larva,49.3,10.1,-22.1,0.53,5.7,21399,CF141212,matarakagerou
40,A59,6,6/11/2014,t4,,gl,mayfly,larva,42,9.3,-18.68,-0.95,5.3,21401,CF141212,matarakagerou
41,A61,6,6/11/2014,t1,,gl,stonefly,larva,44,10.3,-24.18,1.67,4.96,21405,CF141212,hosokawagera
42,A62,6,6/11/2014,t2,,rf,stonefly,larva,42.4,10,-24.8,0.24,4.94,21407,CF141212,hosokawagera
43,A63,6,6/11/2014,t3,,rf,stonefly,larva,45.9,9.2,-24.84,-0.05,5.8,21409,CF141212,hosokawagera
44,A64,6,6/11/2014,t3,,rf,stonefly,larva,50.5,11.5,-24.87,0.42,5.14,21411,CF141212,hosokawagera
45,A65,6,6/11/2014,t1,,gl,caddisfly,larva,49.7,9.9,-24.4,0.63,5.89,21413,CF141212,shimatobikera
46,A66,6,6/11/2014,t2,,rf,caddisfly,larva,44.8,10.3,-23.34,-0.56,5.08,21415,CF141212,shimatobikera
47,A67,6,6/11/2014,t2,,rf,caddisfly,larva,53.2,7.4,-27.45,-1.96,8.42,21417,CF141212,kakututu
48,A68,6,6/11/2014,t3,,rf,caddisfly,larva,48.6,11.5,-22.36,0.01,4.93,21419,CF141212,shimatobikera
49,A69,6,6/11/2014,t3,,rf,caddisfly,larva,52.1,8,-26.75,-0.73,7.6,21421,CF141212,kakututu
50,A71,6,6/11/2014,t1,,bw,diptera_aqua,larva,47.8,9.2,-25.82,2.7,6.06,21423,CF141212,gagannbo lar
51,A72,6,6/11/2014,t2,,bw,diptera_aqua,larva,48.4,7,-34.1,0.52,8.12,21427,CF141212,gagannbo lar
52,A73,6,6/11/2014,t2,,bw,diptera_aqua,larva,49.8,5.9,-34.81,0.72,9.91,21429,CF141212,gagannbo lar
53,A74,6,6/11/2014,t2,,gl,diptera_aqua,larva,48.3,11.4,-22.5,3.18,4.96,21431,CF141212,yusurika
54,A75,6,6/11/2014,t3,,bw,diptera_aqua,larva,NA,10.6,NA,3.55,NA,21433,CF141212,gagannbo lar
55,A6,6,6/20/2014,t3,,rip,snail,adult,42.5,9.8,-26.03,-1.1,5.04,21435,CF141212,
56,A86,6,6/20/2014,t1,,rip,snail,adult,46.1,10.8,-27.57,-0.86,4.98,21437,CF141212,
57,A87,6,6/20/2014,t1,,rip,snail,adult,47.1,11.2,-26.02,-4.5,4.92,21439,CF141212,
58,A88,6,6/13/2014,t2,,rip,snail,adult,45,9.8,-27.37,-1.27,5.33,21441,CF141212,
59,A89,6,6/13/2014,t2,,rip,snail,adult,40.8,9.8,-26.54,-3.96,4.87,21443,CF141212,
60,A96,6,6/12/2014,t4,,rip,earthworm,adult,47.9,9.8,-27.28,-2.37,5.69,21445,CF141212,
61,A97,6,6/20/2014,t1,,rip,earthworm,adult,46.5,10.3,-27.08,-1.42,5.29,21449,CF141212,
62,A98,6,6/13/2014,t2,,rip,earthworm,adult,46.5,9.7,-27.38,-0.53,5.59,21451,CF141212,
63,A99,6,6/20/2014,t3,,rip,earthworm,adult,54.5,10.8,-26.29,-1.8,5.88,21453,CF141212,
64,A100,6,6/20/2014,t3,,rip,earthworm,adult,32.8,5.1,-27.88,-1.68,7.55,21455,CF141212,
65,A82,6,6/9/2014,t1,,bar,willow,adult,43.5,1.1,-30.6,-4.32,44.76,21457,CF141212,
66,A83,6,6/9/2014,t2,,bar,willow,adult,44.9,2.3,-28.09,0.48,23.28,21459,CF141212,
67,A84,6,6/9/2014,t3,,bar,willow,adult,45.2,2.2,-29.65,-0.54,24.13,21461,CF141212,
68,A85,6,6/9/2014,t4,,bar,willow,adult,45.6,1.2,-29.37,-1.88,42.75,21463,CF141212,
69,C1,8,8/8/2014,t1,,rip,snail,adult,46.8,11.3,-26.28,-3.33,4.84,21477,CF141215,
70,C2,8,8/8/2014,t1,,rip,snail,adult,47.1,11.3,-26.43,-3.29,4.84,21479,CF141215,
71,C3,8,8/8/2014,t2,,rip,snail,adult,38.7,7.1,-25.83,-0.09,6.39,21481,CF141215,
72,C4,8,8/8/2014,t2,,rip,snail,adult,42.5,5.9,-26.24,1.64,8.38,21483,CF141215,
73,C5,8,8/8/2014,t3,,rip,snail,adult,44.9,10.3,-26.88,-2.38,5.1,21485,CF141215,
74,C9,8,8/8/2014,t1,,rip,earthworm,adult,43.8,9.5,-27.27,1.55,5.35,21487,CF141215,
75,C10,8,8/8/2014,t1,,rip,earthworm,adult,34.3,8.3,-26.76,0.29,4.83,21489,CF141215,
76,C11,8,8/9/2014,t2,,rip,earthworm,adult,39.6,7.6,-28.1,-0.79,6.11,21491,CF141215,
77,C12,8,8/8/2014,t3,,rip,earthworm,adult,28.3,5.4,-27.46,-2.47,6.08,21493,CF141215,
78,C13,8,8/9/2014,t4,,rip,earthworm,adult,12.1,2.3,-26.99,2.1,6.2,21495,CF141215,
79,C15,8,8/9/2014,t1,,bar,grasshopper,adult,45.2,12.1,-26.94,0.23,4.37,21499,CF141215,
80,C16,8,8/9/2014,t1,,bar,grasshopper,adult,47.4,12.1,-27.92,1.65,4.58,21501,CF141215,
81,C17,8,8/9/2014,t2,,bar,grasshopper,adult,44.8,12.1,-27.43,0.77,4.33,21503,CF141215,
82,C18,8,8/9/2014,t2,,bar,grasshopper,adult,44.2,12.2,-27.35,1.04,4.22,21505,CF141215,
83,C19,8,8/9/2014,t3,,bar,grasshopper,adult,45.9,12.3,-27.85,2.83,4.33,21507,CF141215,
84,C22,8,8/8/2014,t1,,bar,lfbeetle,adult,45.8,10.1,-27.06,1.93,5.31,21509,CF141215,
85,C24,8,8/9/2014,t2,,bar,lfbeetle,adult,46.7,10,-27.42,3.26,5.45,21511,CF141215,
86,C25,8,8/9/2014,t2,,bar,lfbeetle,adult,46.9,10.2,-27.68,3.43,5.37,21513,CF141215,
87,C26,8,8/8/2014,t3,,bar,lfbeetle,adult,46,9.8,-27.1,2.36,5.49,21515,CF141215,
88,C28,8,8/9/2014,t4,,bar,lfbeetle,adult,47.5,10.5,-27.33,4.59,5.28,21517,CF141215,
89,C30,8,8/10/2014,t1,,rip,diptera,adult,45.4,11.2,-27.58,3.82,4.74,21521,CF141215,
90,C31,8,8/10/2014,t1,,rip,diptera,adult,46.6,11.5,-27.74,3.62,4.73,21523,CF141215,
91,C32,8,8/10/2014,t2,,rip,diptera,adult,47.2,11.8,-29.6,-2.91,4.65,21525,CF141215,
92,C33,8,8/9/2014,t3,,rip,diptera,adult,47.4,12.1,-30.14,2.33,4.58,21527,CF141215,
93,C35,8,8/9/2014,t4,,rip,diptera,adult,49.4,9.4,-28.22,0.11,6.14,21529,CF141215,
94,C36,8,8/10/2014,t1,,rip,wasp,adult,NA,NA,NA,NA,NA,21531,CF141215,
95,C38,8,8/10/2014,t2,,rip,wasp,adult,45.9,12.5,-27.67,3.64,4.26,21533,CF141215,
96,C39,8,8/9/2014,t3,,rip,wasp,adult,NA,NA,NA,NA,NA,21535,CF141215,
97,C40,8,8/10/2014,t4,,rip,wasp,adult,49.1,11.9,-26.21,2.92,4.82,21537,CF141215,
98,C37,8,8/10/2014,t1,,rip,wasp,adult,46.5,12.5,-27.71,2.38,4.36,21539,CF141215,
99,C41,8,8/10/2014,t1,,rip,moth,adult,51.5,11.3,-27.52,-1.51,5.32,21553,CF141216,
100,C42,8,8/10/2014,t2,,rip,moth,adult,57,9.2,-29.32,1.3,7.2,21555,CF141216,
101,C43,8,8/10/2014,t2,,rip,moth,adult,55.2,11.1,-30.52,-0.18,5.83,21557,CF141216,
102,C44,8,8/9/2014,t3,,rip,moth,adult,49.6,13,-30.43,2.33,4.44,21559,CF141216,
103,C45,8,8/10/2014,t4,,rip,moth,adult,49.1,11.1,-29.15,3.07,5.14,21561,CF141216,
104,C46,8,8/8/2014,t1,,rip,moth,larva,47,8.2,-27.77,0.57,6.67,21563,CF141216,
105,C47,8,8/8/2014,t1,,rip,moth,larva,43.8,10.4,-30.58,-3.88,4.9,21565,CF141216,
106,C48,8,8/9/2014,t2,,rip,moth,larva,NA,NA,NA,NA,NA,NA,CF141216,
107,C49,8,8/9/2014,t2,,rip,moth,larva,42,11,-31.61,-0.13,4.47,21567,CF141216,
108,C50,8,8/9/2014,t4,,rip,moth,larva,44.6,10.9,-32.48,-3.55,4.76,21569,CF141216,
109,C51,8,8/8/2014,t1,,bar,grass,adult,42.4,1.3,-30.05,-3.68,36.87,21573,CF141216,
110,C52,8,8/8/2014,t1,,bar,grass,adult,42.5,1.7,-30.15,-3.26,29.8,21575,CF141216,
111,C54,8,8/9/2014,t3,,bar,willow,adult,49.4,3.4,-30.08,1.18,17.08,21579,CF141216,
112,C55,8,8/9/2014,t4,,bar,grass,adult,43.7,1.8,-28.65,-2.58,28.9,21581,CF141216,
113,C56,8,8/10/2014,t1,,rf,mayfly,larva,43.7,10.3,-20.69,1.75,4.94,21583,CF141216,madarakagerou
114,C57,8,8/10/2014,t1,,gl,mayfly,larva,NA,10.5,NA,1.4,NA,21585,CF141216,hiratakagerou
115,C60,8,8/10/2014,t3,,rf,mayfly,larva,44.7,11.6,-19.65,0.68,4.5,21587,CF141216,madarakagerou
116,C61,8,8/10/2014,t3,,gl,mayfly,larva,44.1,8.9,-17.1,0.28,5.75,21589,CF141216,hiratakagerou
117,C62,8,8/10/2014,t4,,rf,mayfly,larva,39.1,9.4,-20.27,0.91,4.86,21591,CF141216,madarakagerou
118,C64,8,8/10/2014,t1,,bw,caddisfly,larva,42.7,9,-32.01,2.03,5.55,21595,CF141216,eguritobikera
119,C65,8,8/10/2014,t2,,bw,caddisfly,larva,54.3,7.9,-31.8,1.7,8.02,21597,CF141216,eguritobikera
120,C67,8,8/10/2014,t3,,bw,caddisfly,larva,45,8.2,-26.3,-0.84,6.42,21599,CF141216,kakututu
121,C68,8,8/10/2014,t3,,gl,caddisfly,larva,39.3,9.1,-20.13,1.29,5.02,21601,CF141216,higenaga
122,C69,8,8/10/2014,t4,,gl,caddisfly,larva,40,10,-21.06,1.82,4.65,21603,CF141216,higenaga
123,C71,8,8/10/2014,t2,,bw,diptera_aqua,larva,43.3,7.7,-30.59,1.82,6.57,21605,CF141216,gagannbo lar
124,C72,8,8/10/2014,t2,,bw,diptera_aqua,larva,55.1,8.1,-32.29,2.26,7.98,21607,CF141216,gagannbo lar
125,C73,8,8/10/2014,t2,,bw,diptera_aqua,larva,42.4,8.7,-30.81,1.65,5.72,21609,CF141216,gagannbo lar
126,C74,8,8/10/2014,t2,,bw,diptera_aqua,larva,45.4,9.4,-33.2,1.78,5.66,21611,CF141216,gagannbo lar
127,C75,8,8/10/2014,t2,,bw,diptera_aqua,larva,41.4,NA,-31.84,NA,NA,21613,CF141216,gagannbo lar
128,D1,9,9/8/2014,t1,,rip,snail,adult,27.1,6,-27.44,-1.5,5.28,21627,CF141218,
129,D2,9,9/8/2014,t1,,rip,snail,adult,47,10.4,-28.17,-3.43,5.29,21629,CF141218,
130,D3,9,9/8/2014,t2,,rip,snail,adult,40.7,7,-27.07,-0.98,6.81,21631,CF141218,
131,D4,9,9/8/2014,t3,,rip,snail,adult,46.1,7.8,-27.48,-3.52,6.91,21633,CF141218,
132,D7,9,9/8/2014,t4,,rip,snail,adult,42.3,7,-26.61,-2.35,7.05,21635,CF141218,
133,D8,9,9/8/2014,t1,,rip,earthworm,adult,30.3,6.4,-25.99,2.02,5.48,21637,CF141218,
134,D10,9,9/8/2014,t2,,rip,earthworm,adult,38.6,6.1,-28.34,-0.15,7.33,21639,CF141218,
135,D12,9,9/8/2014,t3,,rip,earthworm,adult,24.1,4.5,-26.74,-1.65,6.17,21641,CF141218,
136,D14,9,9/8/2014,t4,,rip,earthworm,adult,33,5.9,-27.09,-1.58,6.51,21643,CF141218,
137,D15,9,9/8/2014,t4,,rip,earthworm,adult,46.6,10.2,-27.31,-2.32,5.33,21645,CF141218,
138,D16,9,9/8/2014,t1,,bar,grasshopper,adult,47.9,9.9,-28.26,0.33,5.65,21649,CF141218,
139,D17,9,9/8/2014,t1,,bar,grasshopper,adult,47.9,10.3,-28.02,-0.43,5.44,21651,CF141218,
140,D19,9,9/8/2014,t2,,bar,grasshopper,adult,45.3,11.2,-27.12,0.75,4.71,21653,CF141218,
141,D21,9,9/8/2014,t4,,bar,grasshopper,adult,47.6,11.2,-27.76,1.61,4.94,21655,CF141218,
142,D22,9,9/8/2014,t4,,bar,grasshopper,adult,40.2,8,-27.95,-0.01,5.85,21657,CF141218,
143,D24,9,9/8/2014,t1,,bar,lfbeetle,adult,48.6,10.2,-27.12,1.49,5.57,21659,CF141218,
144,D26,9,9/8/2014,t2,,bar,lfbeetle,adult,48.2,9.6,-28.16,1.14,5.87,21661,CF141218,
145,D27,9,9/8/2014,t3,,bar,lfbeetle,adult,46.5,10.2,-29.19,3.03,5.33,21663,CF141218,
146,D29,9,9/8/2014,t4,,bar,lfbeetle,adult,45.9,10,-27.31,2,5.36,21665,CF141218,
147,D30,9,9/8/2014,t4,,bar,lfbeetle,adult,47.4,10.2,-27.02,2.94,5.44,21667,CF141218,
148,D31,9,9/9/2014,t1,,rip,diptera,adult,45.1,11.6,-25.43,3.4,4.55,21671,CF141218,
149,D32,9,9/9/2014,t1,,rip,diptera,adult,48.2,9.9,-27.42,8.66,5.67,21673,CF141218,
150,D33,9,9/9/2014,t2,,rip,diptera,adult,47.3,11.9,-24.71,6.75,4.64,21675,CF141218,
151,D34,9,9/9/2014,t3,,rip,diptera,adult,49.7,9.8,-30.33,1.14,5.91,21677,CF141218,
152,D36,9,9/9/2014,t4,,rip,diptera,adult,49.9,9.1,-26.37,-0.72,6.39,21679,CF141218,
153,D37,9,9/9/2014,t1,,rip,wasp,adult,46.8,12.6,-26.51,3.71,4.34,21681,CF141218,
154,D38,9,9/9/2014,t1,,rip,wasp,adult,49.9,12.6,-26.66,1.67,4.62,21683,CF141218,
155,D39,9,9/9/2014,t2,,rip,wasp,adult,47.7,11.9,-27.07,5.84,4.68,21685,CF141218,
156,D40,9,9/9/2014,t3,,rip,wasp,adult,46.3,11.9,-29.93,2.21,4.53,21687,CF141218,
157,D42,9,9/9/2014,t4,,rip,wasp,adult,47,11.8,-27.87,2.8,4.65,21689,CF141218,
158,D44,9,9/9/2014,t1,,rip,moth,adult,47.9,9.1,-25.23,1.31,6.15,21693,CF141218,
159,D45,9,9/9/2014,t3,,rip,moth,adult,50.9,8.9,-21.12,-3.85,6.7,21695,CF141218,
160,D46,9,9/9/2014,t3,,rip,moth,adult,50.1,11.3,-31.74,-2.65,5.19,21697,CF141218,
161,D51,9,9/8/2014,t1,,rip,moth,larva,44.1,10.8,-31.31,-4.21,4.75,21699,CF141218,
162,D52,9,9/8/2014,t1,,rip,moth,larva,42.5,11.7,-31.41,-3.63,4.23,21701,CF141218,
163,D53,9,9/8/2014,t2,,bar,moth,larva,42.4,10.5,-27.3,-1.93,4.72,21703,CF141218,
164,D54,9,9/8/2014,t2,,bar,moth,larva,43.6,10,-28.62,2.15,5.1,21705,CF141218,
165,D55,9,9/8/2014,t3,,bar,moth,larva,43.9,10.7,-29.6,0.96,4.78,21707,CF141218,
166,D59,9,9/9/2014,t1,,bar,willow,adult,42.7,2.5,-30.39,-0.49,20.23,21709,CF141218,
167,D60,9,9/9/2014,t1,,bar,willow,adult,44.7,2.9,-29.82,-1.1,18.15,21711,CF141218,
168,D61,9,9/9/2014,t2,,bar,willow,adult,45.5,2.3,-30.13,0.42,23.01,21715,CF141218,
169,D62,9,9/9/2014,t3,,bar,willow,adult,43.8,3.5,-30.93,1.69,14.43,21717,CF141218,
170,D63,9,9/9/2014,t4,,bar,willow,adult,42.6,1.5,-30.89,-2.24,34.2,21719,CF141218,
171,D64,9,9/9/2014,t1,,rf,mayfly,larva,48.6,10.4,-21.12,1.55,5.44,21721,CF141218,madarakagerou
172,D65,9,9/9/2014,t1,,rf,mayfly,larva,46.8,9.4,-20.11,1.66,5.82,21723,CF141218,hiratakagerou
173,D66,9,9/9/2014,t2,,rf,mayfly,larva,46.7,8.9,-21.71,1.68,6.16,21725,CF141218,hiratakagerou
174,D67,9,9/9/2014,t2,,gl,mayfly,larva,48.3,9.5,-21.38,1.33,5.91,21727,CF141218,hiratakagerou
175,D68,9,9/9/2014,t3,,rf,mayfly,larva,48.2,9.9,-22.36,2.34,5.66,21729,CF141218,madarakagerou
176,D72,9,9/9/2014,t1,,gl,caddisfly,larva,37,8,-21.2,2.19,5.42,21731,CF141218,higenaga
177,D73,9,9/9/2014,t1,,gl,caddisfly,larva,44.7,9.7,-22.8,1.91,5.38,21733,CF141218,shimatobikera
178,D74,9,9/9/2014,t2,,gl,caddisfly,larva,37.2,7.4,-22.67,2.47,5.84,21737,CF141218,higenaga
179,D76,9,9/9/2014,t3,,bw,caddisfly,larva,42.3,8.2,-25.73,0.65,6.01,21739,CF141218,eguritobikera
180,D78,9,9/9/2014,t4,,rf,caddisfly,larva,40,9.2,-22.92,2.54,5.06,21741,CF141218,higenaga
181,D81,9,9/9/2014,t2,,gl,stonefly,larva,38.3,9.5,-21.04,2.49,4.69,21743,CF141218,amimekawagera
182,D82,9,9/9/2014,t2,,rf,stonefly,larva,43.6,10.8,-22.51,1.87,4.72,21745,CF141218,amimekawagera
183,D84,9,9/9/2014,t3,,rf,stonefly,larva,45.5,10.6,-21.4,2.31,5.02,21747,CF141218,amimekawagera
184,D85,9,9/9/2014,t3,,gl,stonefly,larva,35.6,9.3,-19.21,2.59,4.48,21749,CF141218,amimekawagera
185,D86+D87,9,9/9/2014,t4,,rf,stonefly,larva,37.5,9.6,-21.01,2.48,4.54,21751,CF141218,amimekawagera
186,D88,9,9/9/2014,t1,,bw,diptera_aqua,larva,47.7,8.9,-20.68,3.19,6.23,21753,CF141218,gagannbo lar
187,D89,9,9/9/2014,t1,,bw,diptera_aqua,larva,47.9,9.6,-19.49,2.65,5.83,21755,CF141218,gagannbo lar
188,D90,9,9/9/2014,t2,,bw,diptera_aqua,larva,22.7,4.9,-33.21,2.9,5.35,21759,CF141218,gagannbo lar
189,D91,9,9/9/2014,t3,,bw,diptera_aqua,larva,40.9,8.5,-25.37,2.45,5.65,21761,CF141218,yusurika
190,D92,9,9/9/2014,t3,,bw,diptera_aqua,larva,44.5,9.2,-25.31,2.21,5.67,21763,CF141218,yusurika
191,a1,6,6/23/2014,t1,,bar,noguchi,adult,49.5,9,-22.23,5.57,6.41,21799,CF141220,
192,a2,6,6/23/2014,t1,,bar,noguchi,adult,55.8,9.7,-23.22,4.68,6.72,21801,CF141220,
193,a3,6,6/23/2014,t1,,bar,noguchi,adult,56.5,8.4,-24.72,3.91,7.86,21803,CF141220,
194,a4,6,6/23/2014,t2,,bar,noguchi,adult,55,9.2,-24.72,4.64,6.95,21805,CF141220,
195,a5,6,6/23/2014,t2,,bar,noguchi,adult,53.8,8.1,-25.5,7.03,7.79,21807,CF141220,
196,a6,6,6/23/2014,t3,,bar,noguchi,adult,51.9,9.7,-24.87,5.76,6.23,21809,CF141220,
197,a7,6,6/23/2014,t3,,bar,noguchi,adult,55.9,8.5,-24.8,5.05,7.63,21811,CF141220,
198,a8,6,6/23/2014,t4,,bar,noguchi,adult,52.4,9.7,-24.25,4.55,6.28,21813,CF141220,
199,a9,6,6/23/2014,t4,,bar,noguchi,adult,53.3,9.3,-24.36,3.53,6.72,21815,CF141220,
200,a10,6,6/23/2014,t4,,bar,noguchi,adult,53.1,9.1,-23.94,4.28,6.82,21817,CF141220,
201,a11,6,6/23/2014,t1,,bar,kohoso,adult,57.3,7.5,-25.63,6.06,8.95,21821,CF141220,
202,a12,6,6/23/2014,t1,,bar,kohoso,adult,50.2,7.3,-25.71,5.43,8.01,21823,CF141220,
203,a13,6,6/23/2014,t2,,bar,kohoso,adult,50.1,6.8,-26.33,6.37,8.54,21825,CF141220,
204,a14,6,6/23/2014,t2,,bar,kohoso,adult,49.8,7.1,-22.94,4.25,8.15,21827,CF141220,
205,a15,6,6/23/2014,t2,,bar,kohoso,adult,48.5,6.9,-24.69,5.31,8.23,21829,CF141220,
206,a16,6,6/23/2014,t3,,bar,kohoso,adult,52.9,9.2,-25.8,5.6,6.67,21831,CF141220,
207,a17,6,6/23/2014,t3,,bar,kohoso,adult,49.6,9.1,-24.6,5.81,6.35,21833,CF141220,
208,a18,6,6/23/2014,t3,,bar,kohoso,adult,47.4,7.6,-24.91,6.04,7.31,21835,CF141220,
209,a19,6,6/23/2014,t4,,bar,kohoso,adult,49.7,9,-24.75,5.55,6.46,21837,CF141220,
210,a20,6,6/23/2014,t4,,bar,kohoso,adult,54.4,8.6,-24.58,5.53,7.41,21839,CF141220,
211,b1,7,7/18/2014,t1,,bar,noguchi,adult,51,9.8,-24.02,4.6,6.05,21857,CF141221,
212,b2,7,7/18/2014,t1,,bar,noguchi,adult,51,9.2,-25.01,4.83,6.47,21859,CF141221,
213,b3,7,7/18/2014,t1,,bar,noguchi,adult,52.5,8,-26.04,5.47,7.65,21861,CF141221,
214,b4,7,7/18/2014,t2,,bar,noguchi,adult,51.6,9.5,-22.84,4.94,6.32,21863,CF141221,
215,b5,7,7/18/2014,t2,,bar,noguchi,adult,53.2,10.1,-23.24,4.84,6.14,21865,CF141221,
216,b6,7,7/18/2014,t2,,bar,noguchi,adult,50.6,9.9,-25.09,4.92,5.95,21867,CF141221,
217,b7,7,7/18/2014,t3,,bar,noguchi,adult,55.7,8.7,-25.34,6.42,7.49,21869,CF141221,
218,b8,7,7/18/2014,t3,,bar,noguchi,adult,50.1,9.5,-22.1,4.32,6.15,21871,CF141221,
219,b9,7,7/18/2014,t4,,bar,noguchi,adult,50.1,9.2,-23.27,4.05,6.36,21873,CF141221,
220,b10,7,7/18/2014,t4,,bar,noguchi,adult,52.6,8.9,-24.61,5.65,6.92,21875,CF141221,
221,b11,7,7/18/2014,t1,,bar,kohoso,adult,51.1,8.6,-26.71,6.1,6.91,21879,CF141221,
222,b12,7,7/18/2014,t1,,bar,kohoso,adult,48.5,9.6,-24.76,6.85,5.89,21881,CF141221,
223,b13,7,7/18/2014,t1,,bar,kohoso,adult,57.8,7.2,-26.21,5.87,9.35,21883,CF141221,
224,b14,7,7/18/2014,t2,,bar,kohoso,adult,48.9,8.3,-24.37,5.11,6.92,21885,CF141221,
225,b15,7,7/18/2014,t2,,bar,kohoso,adult,52.1,10,-24.81,6.13,6.06,21887,CF141221,
226,b16,7,7/18/2014,t3,,bar,kohoso,adult,55.3,8.4,-24.97,6.23,7.7,21889,CF141221,
227,b17,7,7/18/2014,t3,,bar,kohoso,adult,50.3,9.4,-24.52,5.1,6.25,21891,CF141221,
228,b18,7,7/18/2014,t3,,bar,kohoso,adult,52.4,10.6,-23.97,6.24,5.77,21893,CF141221,
229,b19,7,7/18/2014,t4,,bar,kohoso,adult,50.4,8.5,-24.82,6.54,6.96,21895,CF141221,
230,b20,7,7/18/2014,t4,,bar,kohoso,adult,53.8,8.5,-24.86,5.31,7.33,21897,CF141221,
231,b21,7,7/18/2014,t2,,bar,kurooonaga,adult,48,8.1,-26.56,3.36,6.9,21901,CF141221,
232,b22,7,7/18/2014,t3,,bar,kurooonaga,adult,51.1,6,-28.02,3.19,9.93,21903,CF141221,
233,b23,7,7/18/2014,t3,,bar,kurooonaga,adult,52.9,7,-28.97,4.2,8.8,21905,CF141221,
234,b24,7,7/18/2014,t3,,bar,kurooonaga,adult,49,6.9,-27.56,3.81,8.28,21907,CF141221,
235,b25,7,7/18/2014,t4,,bar,kurooonaga,adult,48.3,6.4,-26.74,2.93,8.75,21909,CF141221,
236,c1,8,8/27/2014,t1,,bar,noguchi,adult,57.3,6.7,-27.14,5.21,10,21911,CF141221,
237,c2,8,8/27/2014,t1,,bar,noguchi,adult,57.1,7.4,-26.75,4.54,9.02,21913,CF141221,
238,c3,8,8/27/2014,t1,,bar,noguchi,adult,55.8,6.8,-26.29,4.94,9.6,21915,CF141221,
239,c4,8,8/27/2014,t2,,bar,noguchi,adult,60.2,6.4,-24.93,6.3,11.01,21917,CF141221,
240,c5,8,8/27/2014,t2,,bar,noguchi,adult,59,8,-25.88,4.78,8.65,21919,CF141221,
241,c6,8,8/27/2014,t3,,bar,noguchi,adult,54.6,7.4,-25.17,6.22,8.66,21923,CF141221,
242,c7,8,8/27/2014,t3,,bar,noguchi,adult,57.2,8,-24.53,5.25,8.35,21925,CF141221,
243,c8,8,8/27/2014,t3,,bar,noguchi,adult,59,7.1,-25.68,5.4,9.63,21927,CF141221,
244,c9,8,8/28/2014,t4,,bar,noguchi,adult,58.5,5,-25.4,3.05,13.59,21929,CF141221,
245,c10,8,8/28/2014,t4,,bar,noguchi,adult,56.1,5.8,-26.68,4.38,11.23,21931,CF141221,
246,c11,8,8/27/2014,t2,,bar,kohoso,adult,55.9,6.3,-26.76,8.47,10.38,21933,CF141221,
247,c12,8,8/27/2014,t2,,bar,kohoso,adult,58.9,6.5,-27.25,8.04,10.57,21935,CF141221,
248,c13,8,8/27/2014,t3,,bar,kohoso,adult,58.1,7.6,-27.48,6.85,8.95,21937,CF141221,
249,c14,8,8/27/2014,t3,,bar,kohoso,adult,59.1,7.6,-25.7,4.97,9.1,21939,CF141221,
250,c15,8,8/27/2014,t3,,bar,kohoso,adult,56.8,6.9,-27.33,8.63,9.67,21941,CF141221,
251,c16,8,8/27/2014,t3,,bar,kohoso,adult,60.2,5.8,-27.03,6.37,12.2,21945,CF141221,
252,c17,8,8/27/2014,t3,,bar,kohoso,adult,54.9,8,-23.96,5.53,8.04,21947,CF141221,
253,c18,8,8/27/2014,t3,,bar,kohoso,adult,62.3,6.8,-25.26,4.88,10.66,21949,CF141221,
254,c19,8,8/27/2014,t3,,bar,kohoso,adult,55.1,7.6,-25.91,5.45,8.42,21951,CF141221,
255,c20,8,8/27/2014,t3,,bar,kohoso,adult,61.1,5.4,-27.38,4.52,13.1,21953,CF141221,
256,c21,8,8/27/2014,t2,,bar,kurooonaga,adult,49.2,8.8,-27.13,3.21,6.51,21955,CF141221,
257,c22,8,8/27/2014,t2,,bar,kurooonaga,adult,53.5,9,-27.23,3.08,6.94,21957,CF141221,
258,c23,8,8/27/2014,t2,,bar,kurooonaga,adult,46.8,5.9,-26.18,3.34,9.33,21959,CF141221,
259,c24,8,8/27/2014,t3,,bar,kurooonaga,adult,NA,8.4,NA,3.6,NA,21961,CF141221,
260,c25,8,8/27/2014,t3,,bar,kurooonaga,adult,49.9,7.8,-28.02,2.63,7.45,21963,CF141221,
261,c26,8,8/28/2014,t4,,bar,kurooonaga,adult,51.5,8.1,-27.1,2.76,7.43,21967,CF141221,
262,c27,8,8/28/2014,t4,,bar,kurooonaga,adult,49,6.2,-27.05,2.87,9.25,21969,CF141221,
263,c28,8,8/28/2014,t4,,bar,kurooonaga,adult,46.1,8,-26.81,2.41,6.75,21971,CF141221,
264,c29,8,8/28/2014,t4,,bar,kurooonaga,adult,48.7,7.8,-26.12,3.93,7.3,21973,CF141221,
265,c30,8,8/28/2014,t4,,bar,kurooonaga,adult,49.3,6.5,-27.34,2.84,8.88,21975,CF141221,
266,c31,8,8/27/2014,t2,,bar,oomarukubi,adult,49.3,8.8,-24.16,4.33,6.56,21977,CF141221,
267,c32,8,8/27/2014,t2,,bar,oomarukubi,adult,47.9,7.9,-25.03,6.1,7.04,21979,CF141221,
268,c33,8,8/27/2014,t2,,bar,oomarukubi,adult,58.4,7,-25.31,3.64,9.8,21981,CF141221,
269,c34,8,8/27/2014,t2,,bar,oomarukubi,adult,51.1,8.1,-26.37,4.41,7.4,21983,CF141221,
270,c35,8,8/27/2014,t3,,bar,oomarukubi,adult,56.9,7.4,-22.27,3.93,8.95,21985,CF141221,
271,c36,8,8/27/2014,t3,,bar,oomarukubi,adult,55.2,7.8,-23.64,4.87,8.28,21989,CF141221,
272,c37,8,8/27/2014,t3,,bar,oomarukubi,adult,54.6,7.9,-22.29,3.89,8.06,21991,CF141221,
273,c38,8,8/27/2014,t3,,bar,oomarukubi,adult,53,7.8,-25.12,4.85,7.94,21993,CF141221,
274,c39,8,8/27/2014,t3,,bar,oomarukubi,adult,62.3,6.2,-26.64,7.92,11.73,21995,CF141221,
275,c40,8,8/27/2014,t3,,bar,oomarukubi,adult,54.8,7.6,-23.18,4.75,8.38,21997,CF141221,
276,e1,10,10/18/2014,t1,,bar,noguchi,adult,56.7,7.4,-26.25,4.67,8.92,21999,CF141221,
277,e2,10,10/18/2014,t1,,bar,noguchi,adult,54.5,7.4,-25.42,4.3,8.58,22001,CF141221,
278,e3,10,10/18/2014,t1,,bar,noguchi,adult,58.2,6.5,-25.14,4.94,10.48,22003,CF141221,
279,e4,10,10/18/2014,t2,,bar,noguchi,adult,45.4,9.4,-23.48,5.74,5.64,22005,CF141221,
280,e5,10,10/18/2014,t2,,bar,kohoso,adult,56.7,7,-26.21,5.97,9.39,22007,CF141221,
281,e6,10,10/18/2014,t2,,bar,kohoso,adult,54.8,7.7,-27.43,4.84,8.25,22011,CF141221,
282,e7,10,10/18/2014,t4,,bar,kohoso,adult,56.5,7.1,-27.8,5.57,9.27,22013,CF141221,
283,e8,10,10/18/2014,t1,,bar,oomarukubi,adult,47.1,10.2,-24.15,4.87,5.41,22015,CF141221,
284,e9,10,10/18/2014,t1,,bar,oomarukubi,adult,49.2,9.6,-23.32,5.48,5.95,22017,CF141221,
285,e10,10,10/18/2014,t2,,bar,oomarukubi,adult,47.2,9.5,-23.66,4.67,5.79,22019,CF141221,
286,e11,10,10/18/2014,t2,,bar,oomarukubi,adult,46.8,9.4,-23.95,5.12,5.83,22021,CF141221,
287,e12,10,10/18/2014,t4,,bar,oomarukubi,adult,47.1,10.4,-23.85,4.71,5.3,22023,CF141221,
288,e13,10,10/18/2014,t4,,bar,oomarukubi,adult,44.4,9.6,-25.06,4.62,5.37,22025,CF141221,
289,e14,10,10/18/2014,t4,,bar,oomarukubi,adult,45.9,9.4,-24.6,3.53,5.7,22027,CF141221,
290,e15,10,10/18/2014,t4,,bar,oomarukubi,adult,46.5,9.3,-24.44,4.98,5.82,22029,CF141221,
291,e16,10,10/18/2014,t4,,bar,oomarukubi,adult,48.1,9.2,-24.35,4.51,6.13,22033,CF141221,
292,d1,9,9/18/2014,t1,,bar,noguchi,adult,57.4,6.6,-25.43,5.93,10.12,22035,CF141221,
293,d2,9,9/18/2014,t1,,bar,noguchi,adult,58,7.2,-26.79,4.57,9.46,22037,CF141221,
294,d3,9,9/18/2014,t1,,bar,noguchi,adult,58,7.2,-27.46,5.13,9.38,22039,CF141221,
295,d4,9,9/18/2014,t1,,bar,noguchi,adult,55.5,7.5,-24.85,6.85,8.64,22041,CF141221,
296,d5,9,9/18/2014,t1,,bar,noguchi,adult,53.7,7.5,-26.92,4.39,8.38,22043,CF141221,
297,d6,9,9/18/2014,t4,,bar,noguchi,adult,55.5,9.1,-24.95,4.83,7.14,22045,CF141221,
298,d7,9,9/18/2014,t4,,bar,noguchi,adult,56.8,5.9,-25.36,5.84,11.2,22047,CF141221,
299,d8,9,9/18/2014,t4,,bar,noguchi,adult,53.8,7.5,-25.93,5.38,8.35,22049,CF141221,
300,d9,9,9/18/2014,t4,,bar,noguchi,adult,53.1,6.5,-23.7,5.95,9.56,22051,CF141221,
301,d10,9,9/18/2014,t4,,bar,noguchi,adult,54,7.1,-25.08,4.89,8.84,22055,CF141221,
302,d11,9,9/18/2014,t2,,bar,kohoso,adult,52.8,8.9,-25.87,5.34,6.91,22057,CF141221,
303,d12,9,9/18/2014,t2,,bar,kohoso,adult,54.8,9,-26.06,7.13,7.13,22059,CF141221,
304,d13,9,9/18/2014,t2,,bar,kohoso,adult,54.8,7.4,-25.86,5.79,8.58,22061,CF141221,
305,d14,9,9/18/2014,t2,,bar,kohoso,adult,60.4,7.5,-27.18,5.66,9.38,22063,CF141221,
306,d15,9,9/18/2014,t1,,bar,kohoso,adult,59.4,6.8,-27.09,6.79,10.24,22065,CF141221,
307,d16,9,9/18/2014,t4,,bar,kohoso,adult,57.2,7.5,-26.68,5.89,8.89,22067,CF141221,
308,d17,9,9/18/2014,t4,,bar,kohoso,adult,56.3,7.8,-25.78,5.42,8.38,22069,CF141221,
309,d18,9,9/18/2014,t4,,bar,kohoso,adult,57.1,7.7,-25.53,5.39,8.6,22071,CF141221,
310,d19,9,9/18/2014,t4,,bar,kohoso,adult,53.7,8.4,-25.26,5.18,7.44,22073,CF141221,
311,d20,9,9/18/2014,t4,,bar,kohoso,adult,57.6,8.2,-26.92,4.94,8.17,22077,CF141221,
312,d21,9,9/18/2014,t1,,bar,kurooonaga,adult,51.8,6.9,-28.33,3.26,8.78,22079,CF141221,
313,d22,9,9/18/2014,t1,,bar,kurooonaga,adult,54.6,6.1,-27.99,2.63,10.44,22081,CF141221,
314,d23,9,9/18/2014,t1,,bar,kurooonaga,adult,NA,NA,NA,NA,NA,NA,CF141221,
315,d24,9,9/18/2014,t2,,bar,kurooonaga,adult,46.4,6.6,-26.31,4.04,8.16,22083,CF141221,
316,d25,9,9/18/2014,t2,,bar,kurooonaga,adult,48,7.6,-26.46,4.09,7.34,22085,CF141221,
317,d26,9,9/18/2014,t3,,bar,kurooonaga,adult,50.2,6.1,-27.31,3.09,9.68,22087,CF141221,
318,d27,9,9/18/2014,t3,,bar,kurooonaga,adult,46.6,7.3,-26.88,3.13,7.47,22089,CF141221,
319,d28,9,9/18/2014,t4,,bar,kurooonaga,adult,46.7,7.7,-26.09,3.35,7.12,22091,CF141221,
320,d29,9,9/18/2014,t4,,bar,kurooonaga,adult,53.2,6.8,-28.37,2.9,9.09,22093,CF141221,
321,d30,9,9/18/2014,t4,,bar,kurooonaga,adult,47.7,6.2,-25.89,3.41,9.06,22095,CF141221,
322,d31,9,9/18/2014,t1,,bar,oomarukubi,adult,50.6,9,-24.11,3.12,6.57,22099,CF141221,
323,d32,9,9/18/2014,t1,,bar,oomarukubi,adult,48.9,6.5,-25.65,4.06,8.75,22101,CF141221,
324,d33,9,9/18/2014,t1,,bar,oomarukubi,adult,48.4,7,-25.55,2.94,8.11,22103,CF141221,
325,d34,9,9/18/2014,t1,,bar,oomarukubi,adult,51.1,9.5,-23.26,3.74,6.28,22105,CF141221,
326,d35,9,9/18/2014,t1,,bar,oomarukubi,adult,46,7.7,-26.7,3.52,6.93,22107,CF141221,
327,d36,9,9/18/2014,t4,,bar,oomarukubi,adult,48.8,5.4,-25.12,4.48,10.58,22109,CF141221,
328,d37,9,9/18/2014,t4,,bar,oomarukubi,adult,52.3,6.3,-25.56,3.26,9.63,22111,CF141221,
329,d38,9,9/18/2014,t4,,bar,oomarukubi,adult,47,6.7,-24.54,4.52,8.24,22113,CF141221,
330,d39,9,9/18/2014,t4,,bar,oomarukubi,adult,48.4,8.3,-24.64,4.22,6.82,22115,CF141221,
331,d40,9,9/18/2014,t4,,bar,oomarukubi,adult,47.7,7.7,-25.73,4.77,7.23,22117,CF141221,
332,a21,6,6/23/2014,t1,,bar,sujimizu,adult,61.4,7.9,-26.4,4.95,9.1,22133,CF150106,
333,a22,6,6/23/2014,t1,,bar,sujimizu,adult,57.3,10.3,-25.26,4.2,6.47,22135,CF150106,
334,a23,6,6/23/2014,t2,,bar,sujimizu,adult,58.2,8.8,-25.41,5.08,7.68,22137,CF150106,
335,a24,6,6/23/2014,t2,,bar,sujimizu,adult,59.5,8.7,-26.2,4.09,7.95,22139,CF150106,
336,a25,6,6/23/2014,t2,,bar,sujimizu,adult,61.6,8.7,-26.91,5.17,8.22,22141,CF150106,
337,a26,6,6/23/2014,t3,,bar,sujimizu,adult,56.4,9.7,-25.67,3.33,6.75,22143,CF150106,
338,a27,6,6/23/2014,t3,,bar,sujimizu,adult,56.5,8.5,-27.18,5.31,7.76,22145,CF150106,
339,a28,6,6/23/2014,t3,,bar,sujimizu,adult,58.2,9.1,-26.34,5.29,7.44,22147,CF150106,
340,a29,6,6/23/2014,t4,,bar,sujimizu,adult,59.7,7.3,-27.01,4.95,9.53,22149,CF150106,
341,a30,6,6/23/2014,t4,,bar,sujimizu,adult,54.3,9.8,-26.79,5.6,6.44,22151,CF150106,
342,a31,6,6/22/2014,t1,,bar,mizugiwa,adult,55.2,10.1,-25.83,2.74,6.35,22155,CF150106,
343,a32,6,6/22/2014,t1,,bar,mizugiwa,adult,52,11.2,-23.11,3.58,5.43,22157,CF150106,
344,a33,6,6/22/2014,t4,,bar,mizugiwa,adult,45.1,8.7,-22.36,4.85,6.04,22159,CF150106,
345,a34,6,6/22/2014,t4,,bar,mizugiwa,adult,52.7,10.1,-26.34,1.06,6.06,22161,CF150106,
346,a35,6,6/22/2014,t4,,bar,mizugiwa,adult,52.9,8.7,-27.89,1.71,7.09,22163,CF150106,
347,a36,6,6/22/2014,t4,,bar,mizugiwa,adult,53.5,9.3,-27.29,1.26,6.68,22165,CF150106,
348,a37,6,6/22/2014,t4,,bar,mizugiwa,adult,54.5,11.1,-27.46,1.32,5.71,22167,CF150106,
349,b26,7,7/18/2014,t1,,bar,sujimizu,adult,50.8,10.9,-24.85,3.27,5.42,22169,CF150106,
350,b27,7,7/18/2014,t1,,bar,sujimizu,adult,50.6,11,-23.83,4.15,5.35,22171,CF150106,
351,b28,7,7/18/2014,t2,,bar,sujimizu,adult,53.4,8.8,-26.44,3.24,7.04,22173,CF150106,
352,b29,7,7/18/2014,t2,,bar,sujimizu,adult,52.7,9,-25.69,2.61,6.83,22177,CF150106,
353,b30,7,7/18/2014,t2,,bar,sujimizu,adult,52.5,9.6,-24.11,2.31,6.36,22179,CF150106,
354,b31,7,7/18/2014,t3,,bar,sujimizu,adult,54.5,8.8,-24.28,3.8,7.25,22181,CF150106,
355,b32,7,7/18/2014,t3,,bar,sujimizu,adult,55.7,8,-23.06,3.14,8.13,22183,CF150106,
356,b33,7,7/18/2014,t3,,bar,sujimizu,adult,55.8,9.1,-24.94,5.08,7.14,22185,CF150106,
357,b34,7,7/18/2014,t4,,bar,sujimizu,adult,52.2,11,-23.77,1.7,5.56,22187,CF150106,
358,b35,7,7/18/2014,t4,,bar,sujimizu,adult,51.3,11.2,-23.7,3.82,5.34,22189,CF150106,
359,b36,7,7/18/2014,t1,,bar,mizugiwa,adult,NA,7.1,NA,2.32,NA,22191,CF150106,
360,b37,7,7/18/2014,t1,,bar,mizugiwa,adult,56.6,7.7,-24.33,3.93,8.61,22193,CF150106,
361,b38,7,7/18/2014,t2,,bar,mizugiwa,adult,48.5,10,-22,2.22,5.65,22195,CF150106,
362,b39,7,7/18/2014,t2,,bar,mizugiwa,adult,48.2,10.3,-23.36,3.64,5.49,22199,CF150106,
363,b40,7,7/18/2014,t2,,bar,mizugiwa,adult,50.7,10.5,-21.46,2.62,5.63,22201,CF150106,
364,b41,7,7/18/2014,t3,,bar,mizugiwa,adult,50.3,10.3,-22.63,3.41,5.68,22203,CF150106,
365,b42,7,7/18/2014,t3,,bar,mizugiwa,adult,53.4,10.3,-21,3.58,6.04,22205,CF150106,
366,b43,7,7/18/2014,t4,,bar,mizugiwa,adult,53.7,10.5,-23.49,2.48,5.98,22207,CF150106,
367,b44,7,7/18/2014,t4,,bar,mizugiwa,adult,49.8,11.1,-24.03,1.33,5.25,22209,CF150106,
368,b45,7,7/18/2014,t4,,bar,mizugiwa,adult,53.5,10.5,-23.4,5.03,5.95,22211,CF150106,
369,c41,8,8/27/2014,t1,,bar,sujimizu,adult,55.5,8.2,-27.26,5.3,7.86,22213,CF150106,
370,c42,8,8/27/2014,t1,,bar,sujimizu,adult,55.3,9.2,-24.51,3.98,7.04,22215,CF150106,
371,c43,8,8/27/2014,t1,,bar,sujimizu,adult,55.6,8.8,-26.84,4.93,7.4,22217,CF150106,
372,c44,8,8/27/2014,t2,,bar,sujimizu,adult,53.4,9.5,-25.14,3.8,6.53,22221,CF150106,
373,c45,8,8/27/2014,t2,,bar,sujimizu,adult,54.9,8,-26.66,4.07,8.04,22223,CF150106,
374,c46,8,8/27/2014,t3,,bar,sujimizu,adult,53.7,9.6,-25.39,3.52,6.51,22225,CF150106,
375,c47,8,8/27/2014,t3,,bar,sujimizu,adult,56.7,8.5,-27.69,6.53,7.82,22227,CF150106,
376,c48,8,8/27/2014,t3,,bar,sujimizu,adult,54.8,9.4,-25.25,4.87,6.77,22229,CF150106,
377,c49,8,8/28/2014,t4,,bar,sujimizu,adult,56.8,7.6,-24.83,4.93,8.7,22231,CF150106,
378,c50,8,8/28/2014,t4,,bar,sujimizu,adult,56,8.9,-24.17,4.56,7.32,22233,CF150106,
379,c51,8,8/27/2014,t1,,bar,mizugiwa,adult,50.5,11,-21.45,2.94,5.36,22235,CF150106,
380,c52,8,8/27/2014,t1,,bar,mizugiwa,adult,52.1,9.7,-22.61,1.95,6.27,22237,CF150106,
381,c53,8,8/27/2014,t1,,bar,mizugiwa,adult,50.6,10.5,-20.77,2.8,5.6,22239,CF150106,
382,c54,8,8/27/2014,t1,,bar,mizugiwa,adult,49.4,10.6,-22.68,3.8,5.42,22243,CF150106,
383,c55,8,8/27/2014,t1,,bar,mizugiwa,adult,49.2,10.2,-20.36,3.09,5.61,22245,CF150106,
384,c56,8,8/27/2014,t1,,bar,mizugiwa,adult,54.4,8.6,-21.18,3.7,7.4,22247,CF150106,
385,c57,8,8/27/2014,t1,,bar,mizugiwa,adult,52.3,9.8,-22.87,4.05,6.2,22249,CF150106,
386,c58,8,8/27/2014,t3,,bar,mizugiwa,adult,59.1,7,-26.39,2.79,9.92,22251,CF150106,
387,c59,8,8/28/2014,t4,,bar,mizugiwa,adult,56.6,7.8,-24.81,2.65,8.45,22253,CF150106,
388,c60,8,8/28/2014,t4,,bar,mizugiwa,adult,53.6,8.1,-21.84,5.44,7.72,22255,CF150106,
389,d41,9,9/18/2014,t1,,bar,sujimizu,adult,57,8.8,-26.23,3.87,7.54,22257,CF150106,
390,d42,9,9/18/2014,t1,,bar,sujimizu,adult,56.5,8.8,-26.6,6.12,7.53,22259,CF150106,
391,d43,9,9/18/2014,t1,,bar,sujimizu,adult,52.3,9.1,-24.73,5.12,6.7,22261,CF150106,
392,d44,9,9/18/2014,t2,,bar,sujimizu,adult,56.4,8.4,-26.73,4.33,7.88,22265,CF150106,
393,d45,9,9/18/2014,t2,,bar,sujimizu,adult,50.5,9.6,-26.22,3.43,6.15,22267,CF150106,
394,d46,9,9/18/2014,t3,,bar,sujimizu,adult,53.4,8,-26.53,4.21,7.78,22269,CF150106,
395,d47,9,9/18/2014,t3,,bar,sujimizu,adult,53,7.6,-26.44,4.27,8.15,22271,CF150106,
396,d48,9,9/18/2014,t3,,bar,sujimizu,adult,55.7,7.3,-26.13,5.13,8.96,22273,CF150106,
397,d49,9,9/18/2014,t4,,bar,sujimizu,adult,49.8,10.2,-26.41,4.51,5.67,22275,CF150106,
398,d50,9,9/18/2014,t4,,bar,sujimizu,adult,53.7,8.5,-27.75,4.58,7.37,22277,CF150106,
399,d51,9,9/18/2014,t1,,bar,mizugiwa,adult,54.5,8.5,-22.71,3.61,7.49,22279,CF150106,
400,d52,9,9/18/2014,t2,,bar,mizugiwa,adult,55.1,8.3,-24.62,3.37,7.71,22281,CF150106,
401,d53,9,9/18/2014,t3,,bar,mizugiwa,adult,56.8,7.4,-26.43,5.71,8.98,22283,CF150106,
402,d54,9,9/18/2014,t4,,bar,mizugiwa,adult,49.7,10.8,-25.06,5.42,5.37,22287,CF150106,
403,e17,10,10/18/2014,t1,,bar,mizugiwa,adult,52.7,8.3,-20.99,6.21,7.42,22289,CF150106,
404,e18,10,10/18/2014,t1,,bar,mizugiwa,adult,53.4,8.9,-21.37,5.72,6.98,22291,CF150106,
405,e19,10,10/18/2014,t1,,bar,mizugiwa,adult,49.4,9.5,-24.17,2.83,6.08,22293,CF150106,
406,e20,10,10/18/2014,t1,,bar,mizugiwa,adult,51.6,9.9,-23.16,2.94,6.09,22295,CF150106,
407,e21,10,10/18/2014,t1,,bar,mizugiwa,adult,50.8,10.3,-22.26,5.1,5.76,22297,CF150106,
408,e22,10,10/18/2014,t1,,bar,mizugiwa,adult,53.1,7.5,-24,7.23,8.21,22299,CF150106,
409,e23,10,10/18/2014,t3,,bar,mizugiwa,adult,44.6,9.1,-23.29,4.18,5.71,22301,CF150106,
410,e24,10,10/18/2014,t4,,bar,mizugiwa,adult,53.6,9.9,-24.94,3.17,6.35,22303,CF150106,
411,e25,10,10/18/2014,t4,,bar,mizugiwa,adult,52.1,7.9,-21.7,4.91,7.65,22305,CF150106,
412,e26,10,10/18/2014,t4,,bar,mizugiwa,adult,47.6,11.6,-20.8,3.34,4.77,22309,CF150106,
413,na,8,8/29/2015,t,,bar,spider,adult,51.71673762,10.78712493,-23.17192958,5.53543264,5.593352656,na,uemura_data,
414,na,8,8/29/2015,t,,bar,spider,adult,47.46206241,9.838137121,-22.8709727,4.99295031,5.628342588,na,uemura_data,
415,na,8,8/29/2015,t,,bar,spider,adult,46.33455185,11.16447199,-26.21626674,5.169842749,4.84187494,na,uemura_data,
416,na,8,8/29/2015,t,,bar,spider,adult,51.05447507,10.72554323,-22.58810058,4.234628835,5.553430063,na,uemura_data,
417,na,8,8/29/2015,t,,bar,spider,adult,47.08411009,11.30431852,-21.9805935,4.599022426,4.859334218,na,uemura_data,
418,na,8,8/29/2015,t,,bar,spider,adult,50.38475928,9.674464646,-23.46677951,4.710465898,6.076017776,na,uemura_data,
419,na,8,8/29/2015,t,,bar,spider,adult,49.09443048,9.771005639,-22.02175298,4.079971875,5.861918177,na,uemura_data,
420,na,8,8/29/2015,t,,bar,spider,adult,49.38251055,9.813533577,-26.12393457,3.54687377,5.870762913,na,uemura_data,
421,na,8,8/29/2015,t,,bar,spider,adult,52.91905344,8.536020742,-25.10231066,4.448959577,7.232749022,na,uemura_data,
422,na,8,8/29/2015,t,,bar,spider,adult,47.16606717,10.79733405,-21.60650615,4.652827113,5.09635787,na,uemura_data,
423,na,8,8/29/2015,t,,bar,spider,adult,56.62042358,7.312402287,-29.78605287,5.807870314,9.033578604,na,uemura_data,
424,na,8,8/29/2015,t,,bar,spider,adult,45.55620963,10.11137302,-22.1314032,4.686285953,5.25634957,na,uemura_data,
425,na,8,8/29/2015,t,,bar,spider,adult,50.4616858,10.48054211,-21.9133299,4.390812485,5.617263513,na,uemura_data,
426,na,8,8/29/2015,t,,bar,spider,adult,48.34183208,9.969574106,-22.32935581,4.441882837,5.657092619,na,uemura_data,
427,na,8,8/29/2015,t,,bar,spider,adult,40.28398067,9.082582433,-22.42807018,3.929698573,5.174517027,na,uemura_data,
428,na,10,10/15/2014,t,,bar,spider,adult,45.94233243,11.19576274,-25.68985043,4.9183028,4.787470858,na,uemura_data,
429,na,10,10/15/2014,t,,bar,spider,adult,49.48613344,11.4488725,-22.96735709,4.054782669,5.042751793,na,uemura_data,
430,na,10,10/15/2014,t,,bar,spider,adult,54.19239397,9.671389309,-22.59178963,4.54211775,6.537267564,na,uemura_data,
431,na,10,10/9/2014,t,,bar,spider,adult,46.49985947,10.8456866,-24.65478013,5.841004148,5.001973416,na,uemura_data,
432,na,10,10/9/2014,t,,bar,spider,adult,48.18262528,11.75564527,-24.40681989,6.07680599,4.781793049,na,uemura_data,
433,na,10,10/9/2014,t,,bar,spider,adult,48.95178554,11.74575608,-25.18993716,5.731729,4.862217135,na,uemura_data,
434,na,10,10/9/2014,t,,bar,spider,adult,43.94247093,10.67616758,-25.29806077,7.188841022,4.801930627,na,uemura_data,
435,na,10,10/15/2014,t,,bar,spider,adult,48.42416861,11.86182833,-23.27678493,5.195873838,4.762744985,na,uemura_data,
436,na,10,10/15/2014,t,,bar,spider,adult,47.70334475,11.23581048,-22.07726909,4.78799375,4.953261029,na,uemura_data,
437,na,10,10/9/2014,t,,bar,spider,adult,52.49943029,9.916549914,-24.92660997,4.879706634,6.176476282,na,uemura_data,
438,na,10,10/15/2014,t,,bar,spider,adult,45.48141954,10.3573097,-22.50913548,5.61232265,5.123111858,na,uemura_data,
439,na,10,10/15/2014,t,,bar,spider,adult,51.37039656,10.19596248,-23.27732024,5.073467758,5.878025686,na,uemura_data,
440,na,6,6/27/2014,T4,iso4,bar,spider,adult,44.48706926,10.46304769,-27.87527663,3.551350996,4.960464899,na,uemura_data,
441,na,6,6/27/2014,T4,iso4,bar,spider,adult,45.60181655,9.990169904,-26.13607986,6.703561126,5.325446896,na,uemura_data,
442,na,6,6/27/2014,T4,iso4,bar,spider,adult,42.21251041,11.23599615,-25.14244164,5.933786886,4.383049632,na,uemura_data,
443,na,6,6/27/2014,T4,iso4,bar,spider,adult,43.1034525,10.5691389,-24.99812294,5.228663514,4.757943074,na,uemura_data,
444,na,6,6/27/2014,T4,iso4,bar,spider,adult,43.53320132,9.807841776,-25.0926,6.59466219,5.178380323,na,uemura_data,
445,na,6,6/27/2014,iso3U,iso3U,bar,spider,adult,43.27466489,10.41818833,-24.91384894,6.413286548,4.846054559,na,uemura_data,
446,na,6,6/27/2014,iso3U,iso3U,bar,spider,adult,42.61886387,10.62783813,-24.85956801,4.86482624,4.678468681,na,uemura_data,
447,na,6,6/27/2014,iso3U,iso3U,bar,spider,adult,42.95237661,11.02333212,-24.25537939,4.835568404,4.545912753,na,uemura_data,
448,na,6,6/27/2014,iso3U,iso3U,bar,spider,adult,42.91416522,11.11222311,-24.54662674,6.597569228,4.505536434,na,uemura_data,
449,na,6,6/27/2014,iso3U,iso3U,bar,spider,adult,44.09981166,10.19272,-26.89238767,6.025160064,5.047698777,na,uemura_data,
450,na,6,6/27/2014,T1,iso1U,bar,spider,adult,48.9272613,11.14455379,-23.94080045,6.150905856,5.121946193,na,uemura_data,
451,na,6,6/27/2014,T1,iso1U,bar,spider,adult,46.22807506,10.86575364,-26.08108856,4.199290829,4.963553937,na,uemura_data,
452,na,6,6/27/2014,T1,iso1U,bar,spider,adult,45.2327221,10.84751412,-25.99714597,4.92149848,4.864848162,na,uemura_data,
453,na,6,6/27/2014,T1,iso1U,bar,spider,adult,43.63552846,11.14470523,-23.94722047,4.838750904,4.567919516,na,uemura_data,
454,na,6,6/27/2014,T1,iso1U,bar,spider,adult,43.14364631,11.13685609,-24.87701864,5.321129661,4.519610708,na,uemura_data,
455,na,6,6/27/2014,iso1L,iso1L,bar,spider,adult,45.59186754,10.65446407,-23.68774139,5.910715891,4.992321694,na,uemura_data,
456,na,6,6/27/2014,iso1L,iso1L,bar,spider,adult,44.80024222,10.4059691,-24.03477238,4.625945686,5.022785361,na,uemura_data,
457,na,6,6/27/2014,iso1L,iso1L,bar,spider,adult,45.20796804,10.86790262,-24.75013477,3.254575139,4.853064221,na,uemura_data,
458,na,6,6/27/2014,iso1L,iso1L,bar,spider,adult,49.9201658,10.06882853,-23.73567931,4.600568542,5.784207494,na,uemura_data,
